vertex,pagerank
t,0.11857820250855787
Q,0.1179770881085736
U,0.11613116794476601
K,0.07643073367187202
x,0.07395751069323517
n,0.13576709614807247
Z,0.09467165088697144
A,0.07601280014918865
N,0.13526203761605896
B,0.055211712272703745
