vertex,pagerank
l,0.21240875912981122
T,0.27707223602629155
L,0.14905512285704298
F,0.2124087591298112
M,0.14905512285704295
