vertex,pagerank
N,0.10494185845224327
E,0.10494185845224327
J,0.12373843850184207
S,0.16144605242953008
R,0.1257559127349212
a,0.06783607676596434
D,0.08565226907416777
H,0.0698426231102548
v,0.08571295286854268
u,0.0701319576102905
