vertex,pagerank
d,0.13887241910446446
j,0.10237389287823938
c,0.10735087436464151
M,0.1154926891836399
V,0.10632398921120478
v,0.0746281340929392
J,0.10212413581673478
U,0.04772274027170231
F,0.10212413581673478
n,0.10298698925969871
